{
    "en_to_de": {
        "bleu": {
            "score": 0.23443066865389942,
            "counts": [
                2087,
                205,
                28,
                6
            ],
            "totals": [
                40971,
                39854,
                38737,
                37623
            ],
            "precisions": [
                5.093846867296381,
                0.5143774777939479,
                0.07228231406665463,
                0.015947691571645006
            ],
            "bp": 1.0,
            "sys_len": 40971,
            "ref_len": 23611
        },
        "rouge": {
            "rouge1": 0.11323484395632454,
            "rouge2": 0.021463270795777624,
            "rougeL": 0.10169722708026116,
            "rougeLsum": 0.10196174933018282
        },
        "comet": {
            "mean_score": 0.0
        }
    }
}